{
  "results" : [
    {
      "id" : {
        "name" : "NSS",
        "value" : "24 43 10 8125 0"
      },
      "nat" : "MX",
      "cell" : "(676) 965 8577",
      "phone" : "(649) 663 4185",
      "login" : {
        "sha256" : "f429233f2db49f86ea55953dd0a2ab204c75e0fbbf01a03aff6506f455ad800d",
        "password" : "iomega",
        "md5" : "031ad05aa601708138fe276d100e008f",
        "uuid" : "8689025f-df03-4690-9e7c-683937faa472",
        "username" : "smallgorilla592",
        "sha1" : "1fcd8b55e1a798ea8060817cc560914b47181ea2",
        "salt" : "7anzKah5"
      },
      "dob" : {
        "date" : "1955-09-15T14:23:10.724Z",
        "age" : 67
      },
      "registered" : {
        "date" : "2014-07-21T12:29:42.645Z",
        "age" : 8
      },
      "picture" : {
        "large" : "https://randomuser.me/api/portraits/women/23.jpg",
        "thumbnail" : "https://randomuser.me/api/portraits/thumb/women/23.jpg",
        "medium" : "https://randomuser.me/api/portraits/med/women/23.jpg"
      },
      "location" : {
        "street" : {
          "number" : 69,
          "name" : "Boulevard Cabo Verde"
        },
        "city" : "Guadalupe Victoria (Mp.Meoqui)",
        "country" : "Mexico",
        "postcode" : 85133,
        "timezone" : {
          "description" : "Tehran",
          "offset" : "+3:30"
        },
        "coordinates" : {
          "longitude" : "89.1327",
          "latitude" : "23.6042"
        },
        "state" : "Zacatecas"
      },
      "email" : "juana.henriquez@example.com",
      "gender" : "female",
      "name" : {
        "title" : "Mrs",
        "first" : "Juana",
        "last" : "Henríquez"
      }
    },
    {
      "id" : {
        "name" : "DNI",
        "value" : "70725716-I"
      },
      "nat" : "ES",
      "cell" : "640-866-480",
      "phone" : "977-815-322",
      "login" : {
        "sha256" : "4dfb2cdf735567c18c51bf34bab27ed811433e0bb0779c2372f9ed8c406ff9ad",
        "password" : "casanova",
        "md5" : "f1b889110d619f42b5c1128342c58379",
        "uuid" : "caea8e9c-b477-4520-8248-1510d6487268",
        "username" : "goldenkoala785",
        "sha1" : "ddf0f078098447f8b5995c2bbd017e1d5ecb6a40",
        "salt" : "GkCiFVIR"
      },
      "dob" : {
        "date" : "1973-11-13T10:18:24.194Z",
        "age" : 49
      },
      "registered" : {
        "date" : "2008-06-16T02:44:49.107Z",
        "age" : 14
      },
      "picture" : {
        "large" : "https://randomuser.me/api/portraits/men/10.jpg",
        "thumbnail" : "https://randomuser.me/api/portraits/thumb/men/10.jpg",
        "medium" : "https://randomuser.me/api/portraits/med/men/10.jpg"
      },
      "location" : {
        "street" : {
          "number" : 2847,
          "name" : "Calle de La Luna"
        },
        "city" : "Lugo",
        "country" : "Spain",
        "postcode" : 45931,
        "timezone" : {
          "description" : "Mid-Atlantic",
          "offset" : "-2:00"
        },
        "coordinates" : {
          "longitude" : "25.0748",
          "latitude" : "63.4332"
        },
        "state" : "Asturias"
      },
      "email" : "aitor.santos@example.com",
      "gender" : "male",
      "name" : {
        "title" : "Mr",
        "first" : "Aitor",
        "last" : "Santos"
      }
    },
    {
      "id" : {
        "name" : "SVNR",
        "value" : "49 020191 P 043"
      },
      "nat" : "DE",
      "cell" : "0170-4840733",
      "phone" : "0929-3316211",
      "login" : {
        "sha256" : "a04ee1082198fbbfd1f249cfea77a35876dcf1b7b2edfa7c758daf44392e3a98",
        "password" : "enters",
        "md5" : "3732af349616c966661ec64ee30ac9e8",
        "uuid" : "28c8b357-c841-4ccc-a854-471d997d0b0c",
        "username" : "silverswan613",
        "sha1" : "ba3fad81eab652b339d9bb3d70668ce7612d80eb",
        "salt" : "9vzgvSyI"
      },
      "dob" : {
        "date" : "1991-01-02T21:20:23.444Z",
        "age" : 32
      },
      "registered" : {
        "date" : "2006-08-27T06:09:32.539Z",
        "age" : 16
      },
      "picture" : {
        "large" : "https://randomuser.me/api/portraits/men/12.jpg",
        "thumbnail" : "https://randomuser.me/api/portraits/thumb/men/12.jpg",
        "medium" : "https://randomuser.me/api/portraits/med/men/12.jpg"
      },
      "location" : {
        "street" : {
          "number" : 8739,
          "name" : "Wiesenweg"
        },
        "city" : "Königstein im Taunus",
        "country" : "Germany",
        "postcode" : 22735,
        "timezone" : {
          "description" : "Central Time (US & Canada), Mexico City",
          "offset" : "-6:00"
        },
        "coordinates" : {
          "longitude" : "-15.9960",
          "latitude" : "-59.1819"
        },
        "state" : "Rheinland-Pfalz"
      },
      "email" : "phillip.pauli@example.com",
      "gender" : "male",
      "name" : {
        "title" : "Mr",
        "first" : "Phillip",
        "last" : "Pauli"
      }
    },
    {
      "id" : {
        "name" : "CPR",
        "value" : "0903100-0642"
      },
      "nat" : "DK",
      "cell" : "87084332",
      "phone" : "18006837",
      "login" : {
        "sha256" : "086818c2fb8d3f68e988ff839dd20943a8ddbf2160a5e75c6063c1ced3e81b64",
        "password" : "rocco",
        "md5" : "7c3b531b121ddae85ee5ca64c2de2ca9",
        "uuid" : "c2a531ca-3df7-4a2f-9615-b685cd9d32f3",
        "username" : "goldenswan998",
        "sha1" : "8a99d9d2d3a36d92d662d79520806a8d93c9d725",
        "salt" : "N7S8wMH6"
      },
      "dob" : {
        "date" : "2000-03-09T11:49:56.380Z",
        "age" : 22
      },
      "registered" : {
        "date" : "2009-11-14T18:54:21.722Z",
        "age" : 13
      },
      "picture" : {
        "large" : "https://randomuser.me/api/portraits/men/66.jpg",
        "thumbnail" : "https://randomuser.me/api/portraits/thumb/men/66.jpg",
        "medium" : "https://randomuser.me/api/portraits/med/men/66.jpg"
      },
      "location" : {
        "street" : {
          "number" : 5889,
          "name" : "Parkvej"
        },
        "city" : "Ryslinge",
        "country" : "Denmark",
        "postcode" : 98265,
        "timezone" : {
          "description" : "Mid-Atlantic",
          "offset" : "-2:00"
        },
        "coordinates" : {
          "longitude" : "14.0850",
          "latitude" : "-48.0885"
        },
        "state" : "Nordjylland"
      },
      "email" : "adam.mortensen@example.com",
      "gender" : "male",
      "name" : {
        "title" : "Mr",
        "first" : "Adam",
        "last" : "Mortensen"
      }
    },
    {
      "id" : {
        "name" : "",
        "value" : null
      },
      "nat" : "NZ",
      "cell" : "(825)-755-8786",
      "phone" : "(054)-910-4846",
      "login" : {
        "sha256" : "2337b6961397d98197521ad11c080d6615c0ded93b48acc37e44f63a58ae4cb6",
        "password" : "hothot",
        "md5" : "d2a1280dab581720a5cb47cea9e07b7e",
        "uuid" : "41b42207-d61c-4557-9546-08699aafafbf",
        "username" : "smallpeacock128",
        "sha1" : "4e3e51a638e7e19e7747fa7b829304b18fb0f482",
        "salt" : "fG0R14Qb"
      },
      "dob" : {
        "date" : "1989-11-15T07:46:37.793Z",
        "age" : 33
      },
      "registered" : {
        "date" : "2012-06-01T23:42:08.861Z",
        "age" : 10
      },
      "picture" : {
        "large" : "https://randomuser.me/api/portraits/women/7.jpg",
        "thumbnail" : "https://randomuser.me/api/portraits/thumb/women/7.jpg",
        "medium" : "https://randomuser.me/api/portraits/med/women/7.jpg"
      },
      "location" : {
        "street" : {
          "number" : 5917,
          "name" : "Universal Drive"
        },
        "city" : "Taupo",
        "country" : "New Zealand",
        "postcode" : 15135,
        "timezone" : {
          "description" : "Pacific Time (US & Canada)",
          "offset" : "-8:00"
        },
        "coordinates" : {
          "longitude" : "-63.0451",
          "latitude" : "85.2759"
        },
        "state" : "Gisborne"
      },
      "email" : "georgia.edwards@example.com",
      "gender" : "female",
      "name" : {
        "title" : "Miss",
        "first" : "Georgia",
        "last" : "Edwards"
      }
    },
    {
      "id" : {
        "name" : "SVNR",
        "value" : "03 140563 W 029"
      },
      "nat" : "DE",
      "cell" : "0172-9879127",
      "phone" : "0607-7661640",
      "login" : {
        "sha256" : "8d3028c087bcd3d3a6c53071c132ea16a4432ea72e5c9e00741e65fb8d0e1265",
        "password" : "sommer",
        "md5" : "171cb538494193595450c8be44cdef3d",
        "uuid" : "8ec5dff6-a2d0-40ad-9ccc-0d76540a74c8",
        "username" : "bluebutterfly950",
        "sha1" : "2ddc4951960ae59db608e53a7ef48493f20d1371",
        "salt" : "9pPc5v0Y"
      },
      "dob" : {
        "date" : "1963-05-14T09:48:50.994Z",
        "age" : 59
      },
      "registered" : {
        "date" : "2006-08-22T01:19:25.771Z",
        "age" : 16
      },
      "picture" : {
        "large" : "https://randomuser.me/api/portraits/men/1.jpg",
        "thumbnail" : "https://randomuser.me/api/portraits/thumb/men/1.jpg",
        "medium" : "https://randomuser.me/api/portraits/med/men/1.jpg"
      },
      "location" : {
        "street" : {
          "number" : 3335,
          "name" : "Gartenstraße"
        },
        "city" : "Oerlinghausen",
        "country" : "Germany",
        "postcode" : 22368,
        "timezone" : {
          "description" : "Tehran",
          "offset" : "+3:30"
        },
        "coordinates" : {
          "longitude" : "46.0508",
          "latitude" : "-26.0188"
        },
        "state" : "Bayern"
      },
      "email" : "ian.wassermann@example.com",
      "gender" : "male",
      "name" : {
        "title" : "Mr",
        "first" : "Ian",
        "last" : "Wassermann"
      }
    },
    {
      "id" : {
        "name" : "SID",
        "value" : "032119131"
      },
      "nat" : "RS",
      "cell" : "061-9443-689",
      "phone" : "025-2922-198",
      "login" : {
        "sha256" : "fbeef536d6865aae0f931c459130b6bd43b06837e939a47ab9135fbc86fa8bb0",
        "password" : "beagle",
        "md5" : "de1f107bc78bba99523c4a98009b04f7",
        "uuid" : "329eb301-8fbd-4ea0-bcb0-c81086e207d6",
        "username" : "sadmeercat880",
        "sha1" : "c83c302078ac2e738c0935f2d52f9af1dae1b9df",
        "salt" : "Y8kIswc6"
      },
      "dob" : {
        "date" : "1991-03-29T17:51:18.542Z",
        "age" : 31
      },
      "registered" : {
        "date" : "2020-05-31T01:20:16.571Z",
        "age" : 2
      },
      "picture" : {
        "large" : "https://randomuser.me/api/portraits/women/94.jpg",
        "thumbnail" : "https://randomuser.me/api/portraits/thumb/women/94.jpg",
        "medium" : "https://randomuser.me/api/portraits/med/women/94.jpg"
      },
      "location" : {
        "street" : {
          "number" : 6059,
          "name" : "Klokotska"
        },
        "city" : "Smederevo",
        "country" : "Serbia",
        "postcode" : 58117,
        "timezone" : {
          "description" : "Newfoundland",
          "offset" : "-3:30"
        },
        "coordinates" : {
          "longitude" : "-122.2176",
          "latitude" : "-31.6021"
        },
        "state" : "Šumadija"
      },
      "email" : "danica.aleksic@example.com",
      "gender" : "female",
      "name" : {
        "title" : "Mrs",
        "first" : "Danica",
        "last" : "Aleksić"
      }
    },
    {
      "id" : {
        "name" : "FN",
        "value" : "18076100418"
      },
      "nat" : "NO",
      "cell" : "97562638",
      "phone" : "72297786",
      "login" : {
        "sha256" : "fc26d40d0e7fe54badf82d22d7abbb006748efbbf25d711752d1555e71805691",
        "password" : "marley",
        "md5" : "195df0a352a70894d507c0ffa1475302",
        "uuid" : "49c98dbe-9357-4e95-9a12-f4a0e5fcd31f",
        "username" : "blueduck701",
        "sha1" : "fac83760a6b29bb874ab19faae5635e4d2670d4a",
        "salt" : "8t1X0MQJ"
      },
      "dob" : {
        "date" : "1961-07-18T06:35:42.961Z",
        "age" : 61
      },
      "registered" : {
        "date" : "2007-08-01T12:17:47.284Z",
        "age" : 15
      },
      "picture" : {
        "large" : "https://randomuser.me/api/portraits/women/86.jpg",
        "thumbnail" : "https://randomuser.me/api/portraits/thumb/women/86.jpg",
        "medium" : "https://randomuser.me/api/portraits/med/women/86.jpg"
      },
      "location" : {
        "street" : {
          "number" : 6925,
          "name" : "Raschs vei"
        },
        "city" : "Borgen",
        "country" : "Norway",
        "postcode" : "5829",
        "timezone" : {
          "description" : "Kabul",
          "offset" : "+4:30"
        },
        "coordinates" : {
          "longitude" : "136.9252",
          "latitude" : "25.0698"
        },
        "state" : "Vest-Agder"
      },
      "email" : "martyna.reiten@example.com",
      "gender" : "female",
      "name" : {
        "title" : "Ms",
        "first" : "Martyna",
        "last" : "Reiten"
      }
    },
    {
      "id" : {
        "name" : "BSN",
        "value" : "14537650"
      },
      "nat" : "NL",
      "cell" : "(06) 67281390",
      "phone" : "(017) 2921392",
      "login" : {
        "sha256" : "34825ab0cd8af7e66204303e041c9967a6bcfd24dc62e91d0d128d68f0c350bc",
        "password" : "picher",
        "md5" : "33dcd79d31f5bf1ec4e1bcc13eea4182",
        "uuid" : "090cbba2-b714-4edc-b24b-00fdf208495c",
        "username" : "whitefish363",
        "sha1" : "c7c7c08c52c199fbdf86f3e9408808c964cfe853",
        "salt" : "OmSDRmBt"
      },
      "dob" : {
        "date" : "1975-03-21T01:07:57.101Z",
        "age" : 47
      },
      "registered" : {
        "date" : "2017-03-22T15:50:55.862Z",
        "age" : 5
      },
      "picture" : {
        "large" : "https://randomuser.me/api/portraits/women/81.jpg",
        "thumbnail" : "https://randomuser.me/api/portraits/thumb/women/81.jpg",
        "medium" : "https://randomuser.me/api/portraits/med/women/81.jpg"
      },
      "location" : {
        "street" : {
          "number" : 214,
          "name" : "De Jagtman"
        },
        "city" : "Nijehaske",
        "country" : "Netherlands",
        "postcode" : "1502 AN",
        "timezone" : {
          "description" : "Atlantic Time (Canada), Caracas, La Paz",
          "offset" : "-4:00"
        },
        "coordinates" : {
          "longitude" : "-101.1072",
          "latitude" : "-30.6460"
        },
        "state" : "Zeeland"
      },
      "email" : "claudy.verkleij@example.com",
      "gender" : "female",
      "name" : {
        "title" : "Mrs",
        "first" : "Claudy",
        "last" : "Verkleij"
      }
    },
    {
      "id" : {
        "name" : "SIN",
        "value" : "738259019"
      },
      "nat" : "CA",
      "cell" : "Y65 F78-3386",
      "phone" : "A77 W40-1353",
      "login" : {
        "sha256" : "1028efdc3d2f8e3ee727ed6d76d2e0a62fd342d846be4c1e62dca05f4ca3de87",
        "password" : "qqqqq",
        "md5" : "5bc18428953662e7b7fe963ab17ba595",
        "uuid" : "df28450e-1b9d-4def-884e-331ed2f765ad",
        "username" : "whitelion801",
        "sha1" : "c400a154bbfe3a64ed0e9a297a605a055458847d",
        "salt" : "xpk73Kca"
      },
      "dob" : {
        "date" : "1962-09-12T21:03:10.675Z",
        "age" : 60
      },
      "registered" : {
        "date" : "2020-11-08T19:47:56.261Z",
        "age" : 2
      },
      "picture" : {
        "large" : "https://randomuser.me/api/portraits/women/68.jpg",
        "thumbnail" : "https://randomuser.me/api/portraits/thumb/women/68.jpg",
        "medium" : "https://randomuser.me/api/portraits/med/women/68.jpg"
      },
      "location" : {
        "street" : {
          "number" : 6480,
          "name" : "Pierre Ave"
        },
        "city" : "Sutton",
        "country" : "Canada",
        "postcode" : "U4X 2S6",
        "timezone" : {
          "description" : "Kathmandu",
          "offset" : "+5:45"
        },
        "coordinates" : {
          "longitude" : "12.4706",
          "latitude" : "65.4808"
        },
        "state" : "Prince Edward Island"
      },
      "email" : "juliette.brown@example.com",
      "gender" : "female",
      "name" : {
        "title" : "Miss",
        "first" : "Juliette",
        "last" : "Brown"
      }
    }
  ],
  "info" : {
    "version" : "1.4",
    "results" : 10,
    "seed" : "8e29b1427f016f26",
    "page" : 1
  }
}
